email,username,company_name,password
cdacosta0@multiply.com,cansill0,Emmerich-Gottlieb,123
smccaghan1@umn.edu,gsarney1,Ondricka-Kreiger,123
lwalby2@geocities.jp,asahnow2,Ratke-Turcotte,123
hlampet3@about.me,hklimko3,"Leffler, Koelpin and Stiedemann",123
aruppel4@imgur.com,cscrowby4,"Rippin, Fadel and Daniel",123
aevetts5@diigo.com,skinney5,Satterfield LLC,123
ahabens6@google.com.au,pdighton6,"Monahan, Stiedemann and Willms",123
neyam7@nhs.uk,bhartford7,"Boyer, Berge and Gusikowski",123
shumble8@istockphoto.com,memblow8,Witting and Sons,123
alivock9@wix.com,ahasson9,"Corwin, Hilpert and Hettinger",123
ndevaara@multiply.com,fwillersona,Kuhn-Boyer,123
myantsurevb@nyu.edu,mpirolinib,Davis-Larson,123
abrewc@nhs.uk,ckirbyc,Wiza-Anderson,123
bdemougeotd@mozilla.org,plambregtsd,"Lynch, Spencer and Denesik",123
openticoste@economist.com,lyetmane,Pouros LLC,123
nantonaccif@addthis.com,czanicchellif,"Corwin, Murray and O'Hara",123
cokieltg@google.de,ematitiahog,Huel LLC,123
sbeallh@youtu.be,rkleeweinh,"Nitzsche, Mohr and Bernhard",123
gbosomworthi@fema.gov,dwebsdalei,"Baumbach, Hartmann and Haag",123
dgeppj@macromedia.com,lsummerladj,Kohler and Sons,123